Method,target_size,MSE,alpha
KRR (TLCQM),100,0.21561286508123254,
KRR (TLCQM),200,0.20158379071266797,
KRR (TLCQM),300,0.19154791581272793,
KRR (TLCQM),500,0.18048087043913555,
KRR (target-only),100,1.0023422919778175,
KRR (target-only),200,0.5928202357217564,
KRR (target-only),300,0.454864438083558,
KRR (target-only),500,0.3458159284368968,
KRR_Mixup_Best,100,8.857124508493273,0.6812
KRR_Mixup_Best,200,5.154772268997438,0.6464
KRR_Mixup_Best,300,3.85337219187912,0.631
KRR_Mixup_Best,500,2.7061548588679356,0.634
KRR_Source_IL,100,11.434630062388356,
KRR_Source_IL,200,11.435029527341843,
KRR_Source_IL,300,11.435232310815447,
KRR_Source_IL,500,11.434832804122296,
KRR_Source_OH,100,2.883527710630937,
KRR_Source_OH,200,2.8828501984482418,
KRR_Source_OH,300,2.883548790102773,
KRR_Source_OH,500,2.883223645459767,
KRR_Source_WA,100,4.81782632670638,
KRR_Source_WA,200,4.818078496093282,
KRR_Source_WA,300,4.818339943868343,
KRR_Source_WA,500,4.8198981211357905,
NN (TLCQM),100,0.12346968502344136,
NN (TLCQM),200,0.11389024633334406,
NN (TLCQM),300,0.1106111907938955,
NN (TLCQM),500,0.10704507737935019,
NN (target-only),100,0.6176254306682861,
NN (target-only),200,0.3336330491568705,
NN (target-only),300,0.2192325937255116,
NN (target-only),500,0.16242912545713756,
NN_Mixup_Best,100,0.29311508250445706,0.4698
NN_Mixup_Best,200,0.14879968293035212,0.4738
NN_Mixup_Best,300,0.12361090568944015,0.4888
NN_Mixup_Best,500,0.10957729691752129,0.475
NN_Source_IL,100,0.2021310688331489,
NN_Source_IL,200,0.2021258184879662,
NN_Source_IL,300,0.20212638223495683,
NN_Source_IL,500,0.20212202847874214,
NN_Source_OH,100,0.5040503869105034,
NN_Source_OH,200,0.504151420275756,
NN_Source_OH,300,0.5041212537680994,
NN_Source_OH,500,0.5040923462159288,
NN_Source_WA,100,0.15359719521015414,
NN_Source_WA,200,0.1535716288592036,
NN_Source_WA,300,0.15359152930304262,
NN_Source_WA,500,0.15357355159920713,
XGBoost (TLCQM),100,0.10357534426850293,
XGBoost (TLCQM),200,0.10148062849870111,
XGBoost (TLCQM),300,0.10018019717951536,
XGBoost (TLCQM),500,0.0988364955643274,
XGBoost (target-only),100,0.11768936049792027,
XGBoost (target-only),200,0.1073805318635705,
XGBoost (target-only),300,0.1019170795032702,
XGBoost (target-only),500,0.09623708131827936,
XGBoost_Mixup_Best,100,0.12339886045576384,0.557
XGBoost_Mixup_Best,200,0.11275565184005598,0.5864
XGBoost_Mixup_Best,300,0.10636504399729907,0.597
XGBoost_Mixup_Best,500,0.09985218897143694,0.6088000000000001
XGBoost_Source_IL,100,0.12841162416430707,
XGBoost_Source_IL,200,0.12841632494158597,
XGBoost_Source_IL,300,0.12839125218511838,
XGBoost_Source_IL,500,0.12836302385154763,
XGBoost_Source_OH,100,0.1674451994075857,
XGBoost_Source_OH,200,0.1674641068058001,
XGBoost_Source_OH,300,0.16745594292639251,
XGBoost_Source_OH,500,0.16743989479844423,
XGBoost_Source_WA,100,0.17748594895116854,
XGBoost_Source_WA,200,0.17744829781748367,
XGBoost_Source_WA,300,0.1774571905827332,
XGBoost_Source_WA,500,0.17742997913964895,
