Scenario,Metric,source_size,target_size,Value,source_target_ratio
outside_span,Conditional_CRPS_TLCQM,50,50,0.5226553784943089,1.0
outside_span,Conditional_CRPS_TLCQM,100,50,0.4974104788280374,2.0
outside_span,Conditional_CRPS_TLCQM,100,100,0.4782076925138352,1.0
outside_span,Conditional_CRPS_TLCQM,150,150,0.4651830242590079,1.0
outside_span,Conditional_CRPS_TLCQM,200,100,0.4677006158765916,2.0
outside_span,Conditional_CRPS_TLCQM,250,50,0.48015076784318217,5.0
outside_span,Conditional_CRPS_TLCQM,300,150,0.459477367866025,2.0
outside_span,Conditional_CRPS_TLCQM,500,50,0.4709931576950474,10.0
outside_span,Conditional_CRPS_TLCQM,500,100,0.46018280624195607,5.0
outside_span,Conditional_CRPS_TLCQM,750,50,0.46803419903773014,15.0
outside_span,Conditional_CRPS_TLCQM,750,150,0.4561370252723086,5.0
outside_span,Conditional_CRPS_TLCQM,1000,50,0.4674220905161175,20.0
outside_span,Conditional_CRPS_TLCQM,1000,100,0.4579901664908856,10.0
outside_span,Conditional_CRPS_TLCQM,1500,50,0.4657901301834466,30.0
outside_span,Conditional_CRPS_TLCQM,1500,100,0.45806273335505937,15.0
outside_span,Conditional_CRPS_TLCQM,1500,150,0.4559423902891312,10.0
outside_span,Conditional_CRPS_TLCQM,2000,100,0.45771082032400473,20.0
outside_span,Conditional_CRPS_TLCQM,2250,150,0.4552321748850899,15.0
outside_span,Conditional_CRPS_TLCQM,3000,100,0.4571579931009395,30.0
outside_span,Conditional_CRPS_TLCQM,3000,150,0.4551379678510706,20.0
outside_span,Conditional_CRPS_TLCQM,4500,150,0.45571000386594707,30.0
outside_span,Conditional_Mean_RMSE_TLCQM,50,50,0.7492487621203632,1.0
outside_span,Conditional_Mean_RMSE_TLCQM,100,50,0.7628160910821571,2.0
outside_span,Conditional_Mean_RMSE_TLCQM,100,100,0.7189765604600504,1.0
outside_span,Conditional_Mean_RMSE_TLCQM,150,150,0.7181982648475467,1.0
outside_span,Conditional_Mean_RMSE_TLCQM,200,100,0.733495691069673,2.0
outside_span,Conditional_Mean_RMSE_TLCQM,250,50,0.7656904302485089,5.0
outside_span,Conditional_Mean_RMSE_TLCQM,300,150,0.7222013721233395,2.0
outside_span,Conditional_Mean_RMSE_TLCQM,500,50,0.7581002713149343,10.0
outside_span,Conditional_Mean_RMSE_TLCQM,500,100,0.7272714114472231,5.0
outside_span,Conditional_Mean_RMSE_TLCQM,750,50,0.7507760203172222,15.0
outside_span,Conditional_Mean_RMSE_TLCQM,750,150,0.7159183103617826,5.0
outside_span,Conditional_Mean_RMSE_TLCQM,1000,50,0.7498577028736158,20.0
outside_span,Conditional_Mean_RMSE_TLCQM,1000,100,0.7209078654667671,10.0
outside_span,Conditional_Mean_RMSE_TLCQM,1500,50,0.7447469237093607,30.0
outside_span,Conditional_Mean_RMSE_TLCQM,1500,100,0.7181216783344129,15.0
outside_span,Conditional_Mean_RMSE_TLCQM,1500,150,0.7113649116162147,10.0
outside_span,Conditional_Mean_RMSE_TLCQM,2000,100,0.7170299580781906,20.0
outside_span,Conditional_Mean_RMSE_TLCQM,2250,150,0.7099253506556646,15.0
outside_span,Conditional_Mean_RMSE_TLCQM,3000,100,0.7143398453073179,30.0
outside_span,Conditional_Mean_RMSE_TLCQM,3000,150,0.7085662377602536,20.0
outside_span,Conditional_Mean_RMSE_TLCQM,4500,150,0.7091289111320144,30.0
outside_span,Conditional_W1_Source1,50,50,0.5008170943391623,1.0
outside_span,Conditional_W1_Source1,100,50,0.5009676586400393,2.0
outside_span,Conditional_W1_Source1,100,100,0.5009851752859024,1.0
outside_span,Conditional_W1_Source1,150,150,0.5010977705839024,1.0
outside_span,Conditional_W1_Source1,200,100,0.5010121620411975,2.0
outside_span,Conditional_W1_Source1,250,50,0.5009672681396542,5.0
outside_span,Conditional_W1_Source1,300,150,0.501207043314482,2.0
outside_span,Conditional_W1_Source1,500,50,0.5012739092092628,10.0
outside_span,Conditional_W1_Source1,500,100,0.5013397215514213,5.0
outside_span,Conditional_W1_Source1,750,50,0.5009144390665101,15.0
outside_span,Conditional_W1_Source1,750,150,0.5008454098135243,5.0
outside_span,Conditional_W1_Source1,1000,50,0.5007455050951307,20.0
outside_span,Conditional_W1_Source1,1000,100,0.5006625669904664,10.0
outside_span,Conditional_W1_Source1,1500,50,0.5011992053741054,30.0
outside_span,Conditional_W1_Source1,1500,100,0.5012944992860683,15.0
outside_span,Conditional_W1_Source1,1500,150,0.501367086985637,10.0
outside_span,Conditional_W1_Source1,2000,100,0.5011778568222451,20.0
outside_span,Conditional_W1_Source1,2250,150,0.500849493244459,15.0
outside_span,Conditional_W1_Source1,3000,100,0.5009199440629379,30.0
outside_span,Conditional_W1_Source1,3000,150,0.5009875441538711,20.0
outside_span,Conditional_W1_Source1,4500,150,0.5014090093004823,30.0
outside_span,Conditional_W1_TLCQM,50,50,0.5844252681678922,1.0
outside_span,Conditional_W1_TLCQM,100,50,0.5614059703629984,2.0
outside_span,Conditional_W1_TLCQM,100,100,0.5376747588003385,1.0
outside_span,Conditional_W1_TLCQM,150,150,0.5230000932114233,1.0
outside_span,Conditional_W1_TLCQM,200,100,0.526438210954979,2.0
outside_span,Conditional_W1_TLCQM,250,50,0.541054882225484,5.0
outside_span,Conditional_W1_TLCQM,300,150,0.5157628491552371,2.0
outside_span,Conditional_W1_TLCQM,500,50,0.5301103084385316,10.0
outside_span,Conditional_W1_TLCQM,500,100,0.5164835409989226,5.0
outside_span,Conditional_W1_TLCQM,750,50,0.5264382965531942,15.0
outside_span,Conditional_W1_TLCQM,750,150,0.5107184459854949,5.0
outside_span,Conditional_W1_TLCQM,1000,50,0.5258666097663779,20.0
outside_span,Conditional_W1_TLCQM,1000,100,0.5135154276235812,10.0
outside_span,Conditional_W1_TLCQM,1500,50,0.5243462292870728,30.0
outside_span,Conditional_W1_TLCQM,1500,100,0.5133389355931325,15.0
outside_span,Conditional_W1_TLCQM,1500,150,0.5098608118537086,10.0
outside_span,Conditional_W1_TLCQM,2000,100,0.513034692448685,20.0
outside_span,Conditional_W1_TLCQM,2250,150,0.5097280535801239,15.0
outside_span,Conditional_W1_TLCQM,3000,100,0.5125840579919261,30.0
outside_span,Conditional_W1_TLCQM,3000,150,0.5095675221150205,20.0
outside_span,Conditional_W1_TLCQM,4500,150,0.5101273155676113,30.0
outside_span,MSE_KRR_Oracle,50,50,0.4190828357125079,1.0
outside_span,MSE_KRR_Oracle,100,50,0.35986597569801415,2.0
outside_span,MSE_KRR_Oracle,100,100,0.33861305772850425,1.0
outside_span,MSE_KRR_Oracle,150,150,0.2854103345258012,1.0
outside_span,MSE_KRR_Oracle,200,100,0.2680416998962607,2.0
outside_span,MSE_KRR_Oracle,250,50,0.2561480825205594,5.0
outside_span,MSE_KRR_Oracle,300,150,0.2183798641420443,2.0
outside_span,MSE_KRR_Oracle,500,50,0.1874978767212323,10.0
outside_span,MSE_KRR_Oracle,500,100,0.18506623704642605,5.0
outside_span,MSE_KRR_Oracle,750,50,0.16871635004896365,15.0
outside_span,MSE_KRR_Oracle,750,150,0.16602821109072108,5.0
outside_span,MSE_KRR_Oracle,1000,50,0.15740180014856192,20.0
outside_span,MSE_KRR_Oracle,1000,100,0.15640162183528766,10.0
outside_span,MSE_KRR_Oracle,1500,50,0.14151222038148567,30.0
outside_span,MSE_KRR_Oracle,1500,100,0.14074732890402722,15.0
outside_span,MSE_KRR_Oracle,1500,150,0.1398899433386593,10.0
outside_span,MSE_KRR_Oracle,2000,100,0.13112191357553588,20.0
outside_span,MSE_KRR_Oracle,2250,150,0.12782017244341087,15.0
outside_span,MSE_KRR_Oracle,3000,100,0.12336401854483493,30.0
outside_span,MSE_KRR_Oracle,3000,150,0.1229311983707562,20.0
outside_span,MSE_KRR_Oracle,4500,150,0.11729966276326291,30.0
outside_span,MSE_KRR_TLCQM,50,50,0.5797056598902722,1.0
outside_span,MSE_KRR_TLCQM,100,50,0.6352912357147565,2.0
outside_span,MSE_KRR_TLCQM,100,100,0.5349808594634139,1.0
outside_span,MSE_KRR_TLCQM,150,150,0.5041200884619501,1.0
outside_span,MSE_KRR_TLCQM,200,100,0.5852000819212482,2.0
outside_span,MSE_KRR_TLCQM,250,50,0.6806106282608041,5.0
outside_span,MSE_KRR_TLCQM,300,150,0.5423172050291688,2.0
outside_span,MSE_KRR_TLCQM,500,50,0.6751384922553741,10.0
outside_span,MSE_KRR_TLCQM,500,100,0.5977008931962227,5.0
outside_span,MSE_KRR_TLCQM,750,50,0.6587166095573608,15.0
outside_span,MSE_KRR_TLCQM,750,150,0.5465023526951563,5.0
outside_span,MSE_KRR_TLCQM,1000,50,0.6517404482816421,20.0
outside_span,MSE_KRR_TLCQM,1000,100,0.5818149815915847,10.0
outside_span,MSE_KRR_TLCQM,1500,50,0.6324147590856353,30.0
outside_span,MSE_KRR_TLCQM,1500,100,0.5708698933123483,15.0
outside_span,MSE_KRR_TLCQM,1500,150,0.5412664512583841,10.0
outside_span,MSE_KRR_TLCQM,2000,100,0.5670934257050011,20.0
outside_span,MSE_KRR_TLCQM,2250,150,0.5414007098213046,15.0
outside_span,MSE_KRR_TLCQM,3000,100,0.5612538296646,30.0
outside_span,MSE_KRR_TLCQM,3000,150,0.541734943431792,20.0
outside_span,MSE_KRR_TLCQM,4500,150,0.546856446399303,30.0
outside_span,MSE_KRR_Target_Only,50,50,0.5744656593930454,1.0
outside_span,MSE_KRR_Target_Only,100,50,0.5756312989298917,2.0
outside_span,MSE_KRR_Target_Only,100,100,0.48080664894338093,1.0
outside_span,MSE_KRR_Target_Only,150,150,0.4202078590998157,1.0
outside_span,MSE_KRR_Target_Only,200,100,0.480921881024708,2.0
outside_span,MSE_KRR_Target_Only,250,50,0.5760025942895761,5.0
outside_span,MSE_KRR_Target_Only,300,150,0.4195441226362875,2.0
outside_span,MSE_KRR_Target_Only,500,50,0.5760859452632727,10.0
outside_span,MSE_KRR_Target_Only,500,100,0.4808196695182598,5.0
outside_span,MSE_KRR_Target_Only,750,50,0.5753896645667116,15.0
outside_span,MSE_KRR_Target_Only,750,150,0.42099214746274566,5.0
outside_span,MSE_KRR_Target_Only,1000,50,0.5761828865691204,20.0
outside_span,MSE_KRR_Target_Only,1000,100,0.48092646298275793,10.0
outside_span,MSE_KRR_Target_Only,1500,50,0.5757143327325069,30.0
outside_span,MSE_KRR_Target_Only,1500,100,0.48081998852833563,15.0
outside_span,MSE_KRR_Target_Only,1500,150,0.4202722416496624,10.0
outside_span,MSE_KRR_Target_Only,2000,100,0.4801149411526077,20.0
outside_span,MSE_KRR_Target_Only,2250,150,0.41888681522837706,15.0
outside_span,MSE_KRR_Target_Only,3000,100,0.4809025758129578,30.0
outside_span,MSE_KRR_Target_Only,3000,150,0.41961237062329676,20.0
outside_span,MSE_KRR_Target_Only,4500,150,0.4197624924572201,30.0
outside_span,MSE_NN_Oracle,50,50,0.3040496700707715,1.0
outside_span,MSE_NN_Oracle,100,50,0.23917904894486638,2.0
outside_span,MSE_NN_Oracle,100,100,0.23128564947195218,1.0
outside_span,MSE_NN_Oracle,150,150,0.20957998702621564,1.0
outside_span,MSE_NN_Oracle,200,100,0.20420362248915544,2.0
outside_span,MSE_NN_Oracle,250,50,0.200621838104765,5.0
outside_span,MSE_NN_Oracle,300,150,0.18595446974774735,2.0
outside_span,MSE_NN_Oracle,500,50,0.1727008475231761,10.0
outside_span,MSE_NN_Oracle,500,100,0.16906815877561698,5.0
outside_span,MSE_NN_Oracle,750,50,0.14973300313151228,15.0
outside_span,MSE_NN_Oracle,750,150,0.1477238064602258,5.0
outside_span,MSE_NN_Oracle,1000,50,0.1329963806525668,20.0
outside_span,MSE_NN_Oracle,1000,100,0.12968404977083106,10.0
outside_span,MSE_NN_Oracle,1500,50,0.11406540865683633,30.0
outside_span,MSE_NN_Oracle,1500,100,0.1122048412790912,15.0
outside_span,MSE_NN_Oracle,1500,150,0.11129976286398692,10.0
outside_span,MSE_NN_Oracle,2000,100,0.10319888122783766,20.0
outside_span,MSE_NN_Oracle,2250,150,0.10150806658684401,15.0
outside_span,MSE_NN_Oracle,3000,100,0.09883714597005047,30.0
outside_span,MSE_NN_Oracle,3000,150,0.09849828981159217,20.0
outside_span,MSE_NN_Oracle,4500,150,0.09610697730839729,30.0
outside_span,MSE_NN_TLCQM,50,50,0.714056079991276,1.0
outside_span,MSE_NN_TLCQM,100,50,0.7548532808939181,2.0
outside_span,MSE_NN_TLCQM,100,100,0.6225367207267386,1.0
outside_span,MSE_NN_TLCQM,150,150,0.6106862468430613,1.0
outside_span,MSE_NN_TLCQM,200,100,0.686341829210411,2.0
outside_span,MSE_NN_TLCQM,250,50,0.794876422458996,5.0
outside_span,MSE_NN_TLCQM,300,150,0.6042115678502072,2.0
outside_span,MSE_NN_TLCQM,500,50,0.7452451781061771,10.0
outside_span,MSE_NN_TLCQM,500,100,0.6344507305519228,5.0
outside_span,MSE_NN_TLCQM,750,50,0.692024460970286,15.0
outside_span,MSE_NN_TLCQM,750,150,0.558299951218284,5.0
outside_span,MSE_NN_TLCQM,1000,50,0.6677853662921908,20.0
outside_span,MSE_NN_TLCQM,1000,100,0.5835581136785378,10.0
outside_span,MSE_NN_TLCQM,1500,50,0.6384847527316718,30.0
outside_span,MSE_NN_TLCQM,1500,100,0.5675590737107458,15.0
outside_span,MSE_NN_TLCQM,1500,150,0.5408384093003071,10.0
outside_span,MSE_NN_TLCQM,2000,100,0.562721717165857,20.0
outside_span,MSE_NN_TLCQM,2250,150,0.5394558883620698,15.0
outside_span,MSE_NN_TLCQM,3000,100,0.5582088432897887,30.0
outside_span,MSE_NN_TLCQM,3000,150,0.5404281421091801,20.0
outside_span,MSE_NN_TLCQM,4500,150,0.5458333626998987,30.0
outside_span,MSE_NN_Target_Only,50,50,0.7912956259584908,1.0
outside_span,MSE_NN_Target_Only,100,50,0.7919253751640922,2.0
outside_span,MSE_NN_Target_Only,100,100,0.42101303896083736,1.0
outside_span,MSE_NN_Target_Only,150,150,0.3103018180391925,1.0
outside_span,MSE_NN_Target_Only,200,100,0.4206765695995371,2.0
outside_span,MSE_NN_Target_Only,250,50,0.7930379152561235,5.0
outside_span,MSE_NN_Target_Only,300,150,0.3099572811204127,2.0
outside_span,MSE_NN_Target_Only,500,50,0.79236727718467,10.0
outside_span,MSE_NN_Target_Only,500,100,0.42058414863059623,5.0
outside_span,MSE_NN_Target_Only,750,50,0.7909161676890085,15.0
outside_span,MSE_NN_Target_Only,750,150,0.3111192561906631,5.0
outside_span,MSE_NN_Target_Only,1000,50,0.7911572741934945,20.0
outside_span,MSE_NN_Target_Only,1000,100,0.42000292336058676,10.0
outside_span,MSE_NN_Target_Only,1500,50,0.7921078238303235,30.0
outside_span,MSE_NN_Target_Only,1500,100,0.42085325885420405,15.0
outside_span,MSE_NN_Target_Only,1500,150,0.31147861772491164,10.0
outside_span,MSE_NN_Target_Only,2000,100,0.41957085137251643,20.0
outside_span,MSE_NN_Target_Only,2250,150,0.30872586419363013,15.0
outside_span,MSE_NN_Target_Only,3000,100,0.42119464154724223,30.0
outside_span,MSE_NN_Target_Only,3000,150,0.31065874561188717,20.0
outside_span,MSE_NN_Target_Only,4500,150,0.3104909153040629,30.0
outside_span,MSE_XGBoost_Oracle,50,50,0.486117729574864,1.0
outside_span,MSE_XGBoost_Oracle,100,50,0.4349214619781201,2.0
outside_span,MSE_XGBoost_Oracle,100,100,0.4135328725410104,1.0
outside_span,MSE_XGBoost_Oracle,150,150,0.3724796766145007,1.0
outside_span,MSE_XGBoost_Oracle,200,100,0.3635100416651996,2.0
outside_span,MSE_XGBoost_Oracle,250,50,0.3554708421879971,5.0
outside_span,MSE_XGBoost_Oracle,300,150,0.3315825478406421,2.0
outside_span,MSE_XGBoost_Oracle,500,50,0.3093563041229944,10.0
outside_span,MSE_XGBoost_Oracle,500,100,0.30649445472282266,5.0
outside_span,MSE_XGBoost_Oracle,750,50,0.28776650997702813,15.0
outside_span,MSE_XGBoost_Oracle,750,150,0.2853837603590144,5.0
outside_span,MSE_XGBoost_Oracle,1000,50,0.27492281887350045,20.0
outside_span,MSE_XGBoost_Oracle,1000,100,0.2735570131187361,10.0
outside_span,MSE_XGBoost_Oracle,1500,50,0.26002296411228565,30.0
outside_span,MSE_XGBoost_Oracle,1500,100,0.25907113827966266,15.0
outside_span,MSE_XGBoost_Oracle,1500,150,0.25860733039555983,10.0
outside_span,MSE_XGBoost_Oracle,2000,100,0.24938576969695686,20.0
outside_span,MSE_XGBoost_Oracle,2250,150,0.24551739406841697,15.0
outside_span,MSE_XGBoost_Oracle,3000,100,0.23973943472598314,30.0
outside_span,MSE_XGBoost_Oracle,3000,150,0.23917803774589674,20.0
outside_span,MSE_XGBoost_Oracle,4500,150,0.2305010014941675,30.0
outside_span,MSE_XGBoost_TLCQM,50,50,0.5955060642144202,1.0
outside_span,MSE_XGBoost_TLCQM,100,50,0.6506784155406785,2.0
outside_span,MSE_XGBoost_TLCQM,100,100,0.5726559223495601,1.0
outside_span,MSE_XGBoost_TLCQM,150,150,0.5599777508396983,1.0
outside_span,MSE_XGBoost_TLCQM,200,100,0.6181151267665668,2.0
outside_span,MSE_XGBoost_TLCQM,250,50,0.6911487360950875,5.0
outside_span,MSE_XGBoost_TLCQM,300,150,0.5972191958190703,2.0
outside_span,MSE_XGBoost_TLCQM,500,50,0.6778555593208645,10.0
outside_span,MSE_XGBoost_TLCQM,500,100,0.6295996410921892,5.0
outside_span,MSE_XGBoost_TLCQM,750,50,0.6676386221784821,15.0
outside_span,MSE_XGBoost_TLCQM,750,150,0.5961890145077379,5.0
outside_span,MSE_XGBoost_TLCQM,1000,50,0.6601340658524095,20.0
outside_span,MSE_XGBoost_TLCQM,1000,100,0.6141525555312264,10.0
outside_span,MSE_XGBoost_TLCQM,1500,50,0.6477211047044059,30.0
outside_span,MSE_XGBoost_TLCQM,1500,100,0.6023921027426855,15.0
outside_span,MSE_XGBoost_TLCQM,1500,150,0.5833285182475453,10.0
outside_span,MSE_XGBoost_TLCQM,2000,100,0.599592701677883,20.0
outside_span,MSE_XGBoost_TLCQM,2250,150,0.5819775537514609,15.0
outside_span,MSE_XGBoost_TLCQM,3000,100,0.5985561580028335,30.0
outside_span,MSE_XGBoost_TLCQM,3000,150,0.5832597019805749,20.0
outside_span,MSE_XGBoost_TLCQM,4500,150,0.5882160830399513,30.0
outside_span,MSE_XGBoost_Target_Only,50,50,0.5797229093342358,1.0
outside_span,MSE_XGBoost_Target_Only,100,50,0.5809317361805889,2.0
outside_span,MSE_XGBoost_Target_Only,100,100,0.5250657657965004,1.0
outside_span,MSE_XGBoost_Target_Only,150,150,0.49093705562118045,1.0
outside_span,MSE_XGBoost_Target_Only,200,100,0.5255709756888753,2.0
outside_span,MSE_XGBoost_Target_Only,250,50,0.5812048519851987,5.0
outside_span,MSE_XGBoost_Target_Only,300,150,0.4906343304321934,2.0
outside_span,MSE_XGBoost_Target_Only,500,50,0.5811546149360615,10.0
outside_span,MSE_XGBoost_Target_Only,500,100,0.5245272266360976,5.0
outside_span,MSE_XGBoost_Target_Only,750,50,0.5805188129966463,15.0
outside_span,MSE_XGBoost_Target_Only,750,150,0.49122211376169517,5.0
outside_span,MSE_XGBoost_Target_Only,1000,50,0.5816229826113424,20.0
outside_span,MSE_XGBoost_Target_Only,1000,100,0.5247903902427898,10.0
outside_span,MSE_XGBoost_Target_Only,1500,50,0.5815827752172218,30.0
outside_span,MSE_XGBoost_Target_Only,1500,100,0.5253752319308733,15.0
outside_span,MSE_XGBoost_Target_Only,1500,150,0.49163780345621894,10.0
outside_span,MSE_XGBoost_Target_Only,2000,100,0.5242167009877109,20.0
outside_span,MSE_XGBoost_Target_Only,2250,150,0.49005702328760203,15.0
outside_span,MSE_XGBoost_Target_Only,3000,100,0.524668215062621,30.0
outside_span,MSE_XGBoost_Target_Only,3000,150,0.49076650930751603,20.0
outside_span,MSE_XGBoost_Target_Only,4500,150,0.4919142587161043,30.0
outside_span,Marginal_W1_Source1,50,50,0.021738668176223754,1.0
outside_span,Marginal_W1_Source1,100,50,0.021897734576261322,2.0
outside_span,Marginal_W1_Source1,100,100,0.021947653477980337,1.0
outside_span,Marginal_W1_Source1,150,150,0.021802430585834014,1.0
outside_span,Marginal_W1_Source1,200,100,0.021904276731639954,2.0
outside_span,Marginal_W1_Source1,250,50,0.021942803262944,5.0
outside_span,Marginal_W1_Source1,300,150,0.022082059926031607,2.0
outside_span,Marginal_W1_Source1,500,50,0.022348757589246884,10.0
outside_span,Marginal_W1_Source1,500,100,0.022284445256511323,5.0
outside_span,Marginal_W1_Source1,750,50,0.02226976660845345,15.0
outside_span,Marginal_W1_Source1,750,150,0.02220365338532964,5.0
outside_span,Marginal_W1_Source1,1000,50,0.022135464151961173,20.0
outside_span,Marginal_W1_Source1,1000,100,0.022345288777732734,10.0
outside_span,Marginal_W1_Source1,1500,50,0.02230847067808506,30.0
outside_span,Marginal_W1_Source1,1500,100,0.022406273095882338,15.0
outside_span,Marginal_W1_Source1,1500,150,0.022347960131253376,10.0
outside_span,Marginal_W1_Source1,2000,100,0.02190158038001332,20.0
outside_span,Marginal_W1_Source1,2250,150,0.021936906407522085,15.0
outside_span,Marginal_W1_Source1,3000,100,0.022050830319375155,30.0
outside_span,Marginal_W1_Source1,3000,150,0.02201676315595041,20.0
outside_span,Marginal_W1_Source1,4500,150,0.022071535293193188,30.0
outside_span,Negative_Transfer_KRR,50,50,0.005240000497226897,1.0
outside_span,Negative_Transfer_KRR,100,50,0.05965993678486477,2.0
outside_span,Negative_Transfer_KRR,100,100,0.054174210520032975,1.0
outside_span,Negative_Transfer_KRR,150,150,0.08391222936213441,1.0
outside_span,Negative_Transfer_KRR,200,100,0.10427820089654007,2.0
outside_span,Negative_Transfer_KRR,250,50,0.10460803397122792,5.0
outside_span,Negative_Transfer_KRR,300,150,0.1227730823928812,2.0
outside_span,Negative_Transfer_KRR,500,50,0.09905254699210139,10.0
outside_span,Negative_Transfer_KRR,500,100,0.11688122367796279,5.0
outside_span,Negative_Transfer_KRR,750,50,0.08332694499064913,15.0
outside_span,Negative_Transfer_KRR,750,150,0.1255102052324106,5.0
outside_span,Negative_Transfer_KRR,1000,50,0.07555756171252163,20.0
outside_span,Negative_Transfer_KRR,1000,100,0.10088851860882675,10.0
outside_span,Negative_Transfer_KRR,1500,50,0.056700426353128344,30.0
outside_span,Negative_Transfer_KRR,1500,100,0.09004990478401263,15.0
outside_span,Negative_Transfer_KRR,1500,150,0.12099420960872165,10.0
outside_span,Negative_Transfer_KRR,2000,100,0.08697848455239333,20.0
outside_span,Negative_Transfer_KRR,2250,150,0.12251389459292755,15.0
outside_span,Negative_Transfer_KRR,3000,100,0.08035125385164223,30.0
outside_span,Negative_Transfer_KRR,3000,150,0.12212257280849517,20.0
outside_span,Negative_Transfer_KRR,4500,150,0.12709395394208284,30.0
outside_span,Negative_Transfer_NN,50,50,-0.07723954596721481,1.0
outside_span,Negative_Transfer_NN,100,50,-0.037072094270174064,2.0
outside_span,Negative_Transfer_NN,100,100,0.20152368176590119,1.0
outside_span,Negative_Transfer_NN,150,150,0.30038442880386884,1.0
outside_span,Negative_Transfer_NN,200,100,0.26566525961087395,2.0
outside_span,Negative_Transfer_NN,250,50,0.0018385072028724025,5.0
outside_span,Negative_Transfer_NN,300,150,0.2942542867297945,2.0
outside_span,Negative_Transfer_NN,500,50,-0.04712209907849296,10.0
outside_span,Negative_Transfer_NN,500,100,0.21386658192132646,5.0
outside_span,Negative_Transfer_NN,750,50,-0.09889170671872247,15.0
outside_span,Negative_Transfer_NN,750,150,0.2471806950276208,5.0
outside_span,Negative_Transfer_NN,1000,50,-0.12337190790130353,20.0
outside_span,Negative_Transfer_NN,1000,100,0.16355519031795093,10.0
outside_span,Negative_Transfer_NN,1500,50,-0.15362307109865161,30.0
outside_span,Negative_Transfer_NN,1500,100,0.14670581485654166,15.0
outside_span,Negative_Transfer_NN,1500,150,0.2293597915753954,10.0
outside_span,Negative_Transfer_NN,2000,100,0.14315086579334052,20.0
outside_span,Negative_Transfer_NN,2250,150,0.23073002416843966,15.0
outside_span,Negative_Transfer_NN,3000,100,0.1370142017425464,30.0
outside_span,Negative_Transfer_NN,3000,150,0.22976939649729294,20.0
outside_span,Negative_Transfer_NN,4500,150,0.23534244739583568,30.0
outside_span,Negative_Transfer_XGBoost,50,50,0.015783154880184527,1.0
outside_span,Negative_Transfer_XGBoost,100,50,0.06974667936008955,2.0
outside_span,Negative_Transfer_XGBoost,100,100,0.04759015655305977,1.0
outside_span,Negative_Transfer_XGBoost,150,150,0.0690406952185178,1.0
outside_span,Negative_Transfer_XGBoost,200,100,0.09254415107769134,2.0
outside_span,Negative_Transfer_XGBoost,250,50,0.10994388410988888,5.0
outside_span,Negative_Transfer_XGBoost,300,150,0.10658486538687688,2.0
outside_span,Negative_Transfer_XGBoost,500,50,0.09670094438480303,10.0
outside_span,Negative_Transfer_XGBoost,500,100,0.10507241445609153,5.0
outside_span,Negative_Transfer_XGBoost,750,50,0.08711980918183589,15.0
outside_span,Negative_Transfer_XGBoost,750,150,0.10496690074604263,5.0
outside_span,Negative_Transfer_XGBoost,1000,50,0.07851108324106709,20.0
outside_span,Negative_Transfer_XGBoost,1000,100,0.08936216528843652,10.0
outside_span,Negative_Transfer_XGBoost,1500,50,0.0661383294871842,30.0
outside_span,Negative_Transfer_XGBoost,1500,100,0.07701687081181227,15.0
outside_span,Negative_Transfer_XGBoost,1500,150,0.09169071479132629,10.0
outside_span,Negative_Transfer_XGBoost,2000,100,0.07537600069017211,20.0
outside_span,Negative_Transfer_XGBoost,2250,150,0.09192053046385876,15.0
outside_span,Negative_Transfer_XGBoost,3000,100,0.07388794294021259,30.0
outside_span,Negative_Transfer_XGBoost,3000,150,0.09249319267305878,20.0
outside_span,Negative_Transfer_XGBoost,4500,150,0.09630182432384697,30.0
reversed,Conditional_CRPS_TLCQM,50,50,0.19137033913565582,1.0
reversed,Conditional_CRPS_TLCQM,100,50,0.18193140200929533,2.0
reversed,Conditional_CRPS_TLCQM,100,100,0.17732936089281517,1.0
reversed,Conditional_CRPS_TLCQM,150,150,0.17424825805843855,1.0
reversed,Conditional_CRPS_TLCQM,200,100,0.1746716870244218,2.0
reversed,Conditional_CRPS_TLCQM,250,50,0.17774180926271818,5.0
reversed,Conditional_CRPS_TLCQM,300,150,0.17238311143279944,2.0
reversed,Conditional_CRPS_TLCQM,500,50,0.17633964168454136,10.0
reversed,Conditional_CRPS_TLCQM,500,100,0.17303961279843091,5.0
reversed,Conditional_CRPS_TLCQM,750,50,0.1756026675138492,15.0
reversed,Conditional_CRPS_TLCQM,750,150,0.17162988084122788,5.0
reversed,Conditional_CRPS_TLCQM,1000,50,0.17534583580914181,20.0
reversed,Conditional_CRPS_TLCQM,1000,100,0.17250766429772102,10.0
reversed,Conditional_CRPS_TLCQM,1500,50,0.17507900011192373,30.0
reversed,Conditional_CRPS_TLCQM,1500,100,0.17216779623524087,15.0
reversed,Conditional_CRPS_TLCQM,1500,150,0.17138595513962254,10.0
reversed,Conditional_CRPS_TLCQM,2000,100,0.17220675707344632,20.0
reversed,Conditional_CRPS_TLCQM,2250,150,0.1713094455524404,15.0
reversed,Conditional_CRPS_TLCQM,3000,100,0.17241367965237864,30.0
reversed,Conditional_CRPS_TLCQM,3000,150,0.1714364586442902,20.0
reversed,Conditional_CRPS_TLCQM,4500,150,0.17121851699650056,30.0
reversed,Conditional_Mean_RMSE_TLCQM,50,50,0.14036773593862628,1.0
reversed,Conditional_Mean_RMSE_TLCQM,100,50,0.10745320785740774,2.0
reversed,Conditional_Mean_RMSE_TLCQM,100,100,0.0848063968992295,1.0
reversed,Conditional_Mean_RMSE_TLCQM,150,150,0.06605427573778185,1.0
reversed,Conditional_Mean_RMSE_TLCQM,200,100,0.06929341432782993,2.0
reversed,Conditional_Mean_RMSE_TLCQM,250,50,0.08614279498081316,5.0
reversed,Conditional_Mean_RMSE_TLCQM,300,150,0.053822026410857225,2.0
reversed,Conditional_Mean_RMSE_TLCQM,500,50,0.07925670743200043,10.0
reversed,Conditional_Mean_RMSE_TLCQM,500,100,0.058572122904704114,5.0
reversed,Conditional_Mean_RMSE_TLCQM,750,50,0.07473939585389777,15.0
reversed,Conditional_Mean_RMSE_TLCQM,750,150,0.047099027767054,5.0
reversed,Conditional_Mean_RMSE_TLCQM,1000,50,0.07365419640821612,20.0
reversed,Conditional_Mean_RMSE_TLCQM,1000,100,0.054943771210956296,10.0
reversed,Conditional_Mean_RMSE_TLCQM,1500,50,0.07187099097704569,30.0
reversed,Conditional_Mean_RMSE_TLCQM,1500,100,0.05197309501437947,15.0
reversed,Conditional_Mean_RMSE_TLCQM,1500,150,0.04368265109182751,10.0
reversed,Conditional_Mean_RMSE_TLCQM,2000,100,0.052703398714081126,20.0
reversed,Conditional_Mean_RMSE_TLCQM,2250,150,0.043072333813908764,15.0
reversed,Conditional_Mean_RMSE_TLCQM,3000,100,0.051414564563639305,30.0
reversed,Conditional_Mean_RMSE_TLCQM,3000,150,0.0420938751480211,20.0
reversed,Conditional_Mean_RMSE_TLCQM,4500,150,0.04113947387278268,30.0
reversed,Conditional_W1_Source1,50,50,1.59531623827726,1.0
reversed,Conditional_W1_Source1,100,50,1.5958194702798196,2.0
reversed,Conditional_W1_Source1,100,100,1.5958151847871096,1.0
reversed,Conditional_W1_Source1,150,150,1.5959689634162302,1.0
reversed,Conditional_W1_Source1,200,100,1.5953384962205686,2.0
reversed,Conditional_W1_Source1,250,50,1.5957014414727426,5.0
reversed,Conditional_W1_Source1,300,150,1.596273926611469,2.0
reversed,Conditional_W1_Source1,500,50,1.596013286473711,10.0
reversed,Conditional_W1_Source1,500,100,1.5960092484969246,5.0
reversed,Conditional_W1_Source1,750,50,1.5952688817318865,15.0
reversed,Conditional_W1_Source1,750,150,1.5949195975687245,5.0
reversed,Conditional_W1_Source1,1000,50,1.5944162347739168,20.0
reversed,Conditional_W1_Source1,1000,100,1.5945913750458838,10.0
reversed,Conditional_W1_Source1,1500,50,1.5953470687474194,30.0
reversed,Conditional_W1_Source1,1500,100,1.595689861661295,15.0
reversed,Conditional_W1_Source1,1500,150,1.595898060635504,10.0
reversed,Conditional_W1_Source1,2000,100,1.5972305500379664,20.0
reversed,Conditional_W1_Source1,2250,150,1.5974340674752419,15.0
reversed,Conditional_W1_Source1,3000,100,1.5955769486825204,30.0
reversed,Conditional_W1_Source1,3000,150,1.5954896223406472,20.0
reversed,Conditional_W1_Source1,4500,150,1.597534938247673,30.0
reversed,Conditional_W1_TLCQM,50,50,0.12025837134018269,1.0
reversed,Conditional_W1_TLCQM,100,50,0.09381673101065023,2.0
reversed,Conditional_W1_TLCQM,100,100,0.07571014048022262,1.0
reversed,Conditional_W1_TLCQM,150,150,0.061355318800414206,1.0
reversed,Conditional_W1_TLCQM,200,100,0.0634617852671406,2.0
reversed,Conditional_W1_TLCQM,250,50,0.0767939292399861,5.0
reversed,Conditional_W1_TLCQM,300,150,0.05208691515606028,2.0
reversed,Conditional_W1_TLCQM,500,50,0.07133330165379452,10.0
reversed,Conditional_W1_TLCQM,500,100,0.055427096596951005,5.0
reversed,Conditional_W1_TLCQM,750,50,0.06800216473206303,15.0
reversed,Conditional_W1_TLCQM,750,150,0.047208064756064226,5.0
reversed,Conditional_W1_TLCQM,1000,50,0.06740575806586564,20.0
reversed,Conditional_W1_TLCQM,1000,100,0.052650077549486744,10.0
reversed,Conditional_W1_TLCQM,1500,50,0.06580171988672119,30.0
reversed,Conditional_W1_TLCQM,1500,100,0.05052843303010962,15.0
reversed,Conditional_W1_TLCQM,1500,150,0.044858533429137454,10.0
reversed,Conditional_W1_TLCQM,2000,100,0.050958259751022486,20.0
reversed,Conditional_W1_TLCQM,2250,150,0.044307646247475845,15.0
reversed,Conditional_W1_TLCQM,3000,100,0.050020533231121087,30.0
reversed,Conditional_W1_TLCQM,3000,150,0.04367103904945281,20.0
reversed,Conditional_W1_TLCQM,4500,150,0.04294817522822575,30.0
reversed,MSE_KRR_Oracle,50,50,0.19527242605725706,1.0
reversed,MSE_KRR_Oracle,100,50,0.1641834286594837,2.0
reversed,MSE_KRR_Oracle,100,100,0.1570001441549734,1.0
reversed,MSE_KRR_Oracle,150,150,0.14691514484651783,1.0
reversed,MSE_KRR_Oracle,200,100,0.1443014582547122,2.0
reversed,MSE_KRR_Oracle,250,50,0.14244702384086488,5.0
reversed,MSE_KRR_Oracle,300,150,0.13683556305066671,2.0
reversed,MSE_KRR_Oracle,500,50,0.1309583602550562,10.0
reversed,MSE_KRR_Oracle,500,100,0.13076781458098585,5.0
reversed,MSE_KRR_Oracle,750,50,0.1269142443233629,15.0
reversed,MSE_KRR_Oracle,750,150,0.12601140016921203,5.0
reversed,MSE_KRR_Oracle,1000,50,0.12440597172217394,20.0
reversed,MSE_KRR_Oracle,1000,100,0.12427201583424148,10.0
reversed,MSE_KRR_Oracle,1500,50,0.1213787719886721,30.0
reversed,MSE_KRR_Oracle,1500,100,0.12104724320365992,15.0
reversed,MSE_KRR_Oracle,1500,150,0.1208346903728658,10.0
reversed,MSE_KRR_Oracle,2000,100,0.11852096404344978,20.0
reversed,MSE_KRR_Oracle,2250,150,0.11775342518268382,15.0
reversed,MSE_KRR_Oracle,3000,100,0.11621964273618926,30.0
reversed,MSE_KRR_Oracle,3000,150,0.11590082906325819,20.0
reversed,MSE_KRR_Oracle,4500,150,0.11295203400950216,30.0
reversed,MSE_KRR_TLCQM,50,50,0.2337106831679714,1.0
reversed,MSE_KRR_TLCQM,100,50,0.19385896030140368,2.0
reversed,MSE_KRR_TLCQM,100,100,0.1697669583071415,1.0
reversed,MSE_KRR_TLCQM,150,150,0.15004764365288253,1.0
reversed,MSE_KRR_TLCQM,200,100,0.15152060198495448,2.0
reversed,MSE_KRR_TLCQM,250,50,0.1619941199126783,5.0
reversed,MSE_KRR_TLCQM,300,150,0.13543694862428782,2.0
reversed,MSE_KRR_TLCQM,500,50,0.1448925748466811,10.0
reversed,MSE_KRR_TLCQM,500,100,0.13083333866209867,5.0
reversed,MSE_KRR_TLCQM,750,50,0.13468284755431004,15.0
reversed,MSE_KRR_TLCQM,750,150,0.11775715834437397,5.0
reversed,MSE_KRR_TLCQM,1000,50,0.12763954791314047,20.0
reversed,MSE_KRR_TLCQM,1000,100,0.11645687349675217,10.0
reversed,MSE_KRR_TLCQM,1500,50,0.11950055053486558,30.0
reversed,MSE_KRR_TLCQM,1500,100,0.10928686169821407,15.0
reversed,MSE_KRR_TLCQM,1500,150,0.10617285947822078,10.0
reversed,MSE_KRR_TLCQM,2000,100,0.10536237788971392,20.0
reversed,MSE_KRR_TLCQM,2250,150,0.10149491058022654,15.0
reversed,MSE_KRR_TLCQM,3000,100,0.10138340801830051,30.0
reversed,MSE_KRR_TLCQM,3000,150,0.09916809729195404,20.0
reversed,MSE_KRR_TLCQM,4500,150,0.09647620128917941,30.0
reversed,MSE_KRR_Target_Only,50,50,0.3122006119468137,1.0
reversed,MSE_KRR_Target_Only,100,50,0.31202680668377636,2.0
reversed,MSE_KRR_Target_Only,100,100,0.23175866493775818,1.0
reversed,MSE_KRR_Target_Only,150,150,0.19632346022047173,1.0
reversed,MSE_KRR_Target_Only,200,100,0.2317721839288695,2.0
reversed,MSE_KRR_Target_Only,250,50,0.31203965322233096,5.0
reversed,MSE_KRR_Target_Only,300,150,0.1962802536424928,2.0
reversed,MSE_KRR_Target_Only,500,50,0.3123633718994091,10.0
reversed,MSE_KRR_Target_Only,500,100,0.23296188492846792,5.0
reversed,MSE_KRR_Target_Only,750,50,0.3125193466913408,15.0
reversed,MSE_KRR_Target_Only,750,150,0.19646212873763264,5.0
reversed,MSE_KRR_Target_Only,1000,50,0.3116410881477479,20.0
reversed,MSE_KRR_Target_Only,1000,100,0.23268811415856006,10.0
reversed,MSE_KRR_Target_Only,1500,50,0.3122902537984899,30.0
reversed,MSE_KRR_Target_Only,1500,100,0.23261501138220209,15.0
reversed,MSE_KRR_Target_Only,1500,150,0.19641582598525822,10.0
reversed,MSE_KRR_Target_Only,2000,100,0.23292534154383895,20.0
reversed,MSE_KRR_Target_Only,2250,150,0.19586406838318357,15.0
reversed,MSE_KRR_Target_Only,3000,100,0.23307446229336434,30.0
reversed,MSE_KRR_Target_Only,3000,150,0.19645342364150006,20.0
reversed,MSE_KRR_Target_Only,4500,150,0.19597732522434835,30.0
reversed,MSE_NN_Oracle,50,50,0.11124155787791565,1.0
reversed,MSE_NN_Oracle,100,50,0.10339383492296272,2.0
reversed,MSE_NN_Oracle,100,100,0.10162592294867397,1.0
reversed,MSE_NN_Oracle,150,150,0.09889378590402301,1.0
reversed,MSE_NN_Oracle,200,100,0.0984132548339044,2.0
reversed,MSE_NN_Oracle,250,50,0.09808647850675946,5.0
reversed,MSE_NN_Oracle,300,150,0.09656538192518217,2.0
reversed,MSE_NN_Oracle,500,50,0.0953776028166747,10.0
reversed,MSE_NN_Oracle,500,100,0.09515854535055863,5.0
reversed,MSE_NN_Oracle,750,50,0.09430829511881199,15.0
reversed,MSE_NN_Oracle,750,150,0.09400160760203358,5.0
reversed,MSE_NN_Oracle,1000,50,0.09350276160124747,20.0
reversed,MSE_NN_Oracle,1000,100,0.09343581262099365,10.0
reversed,MSE_NN_Oracle,1500,50,0.09281803193682835,30.0
reversed,MSE_NN_Oracle,1500,100,0.09275341071517389,15.0
reversed,MSE_NN_Oracle,1500,150,0.09271587955572795,10.0
reversed,MSE_NN_Oracle,2000,100,0.09240827378395743,20.0
reversed,MSE_NN_Oracle,2250,150,0.0923885795397783,15.0
reversed,MSE_NN_Oracle,3000,100,0.09246035900140342,30.0
reversed,MSE_NN_Oracle,3000,150,0.0923865043814969,20.0
reversed,MSE_NN_Oracle,4500,150,0.09185283625991861,30.0
reversed,MSE_NN_TLCQM,50,50,0.1349906080802714,1.0
reversed,MSE_NN_TLCQM,100,50,0.11862207303114727,2.0
reversed,MSE_NN_TLCQM,100,100,0.11042820969953693,1.0
reversed,MSE_NN_TLCQM,150,150,0.10367671029507906,1.0
reversed,MSE_NN_TLCQM,200,100,0.10509861786320626,2.0
reversed,MSE_NN_TLCQM,250,50,0.11012035008006886,5.0
reversed,MSE_NN_TLCQM,300,150,0.1004188281435084,2.0
reversed,MSE_NN_TLCQM,500,50,0.1052015867021075,10.0
reversed,MSE_NN_TLCQM,500,100,0.10039601646525084,5.0
reversed,MSE_NN_TLCQM,750,50,0.10327294874532297,15.0
reversed,MSE_NN_TLCQM,750,150,0.09729748188231331,5.0
reversed,MSE_NN_TLCQM,1000,50,0.10223600062695293,20.0
reversed,MSE_NN_TLCQM,1000,100,0.09811987636322313,10.0
reversed,MSE_NN_TLCQM,1500,50,0.10098011986178333,30.0
reversed,MSE_NN_TLCQM,1500,100,0.0972528963230996,15.0
reversed,MSE_NN_TLCQM,1500,150,0.09579661804747322,10.0
reversed,MSE_NN_TLCQM,2000,100,0.09662004321701102,20.0
reversed,MSE_NN_TLCQM,2250,150,0.09504676567947946,15.0
reversed,MSE_NN_TLCQM,3000,100,0.09627216298574924,30.0
reversed,MSE_NN_TLCQM,3000,150,0.09481761918978798,20.0
reversed,MSE_NN_TLCQM,4500,150,0.09404357359429645,30.0
reversed,MSE_NN_Target_Only,50,50,0.14728977951694636,1.0
reversed,MSE_NN_Target_Only,100,50,0.14731907719044404,2.0
reversed,MSE_NN_Target_Only,100,100,0.12019046193476585,1.0
reversed,MSE_NN_Target_Only,150,150,0.11128807560159261,1.0
reversed,MSE_NN_Target_Only,200,100,0.12035268035769339,2.0
reversed,MSE_NN_Target_Only,250,50,0.14736276793902472,5.0
reversed,MSE_NN_Target_Only,300,150,0.11112007667446726,2.0
reversed,MSE_NN_Target_Only,500,50,0.14721813451657514,10.0
reversed,MSE_NN_Target_Only,500,100,0.12030385670717253,5.0
reversed,MSE_NN_Target_Only,750,50,0.14740876975240366,15.0
reversed,MSE_NN_Target_Only,750,150,0.11113880968659301,5.0
reversed,MSE_NN_Target_Only,1000,50,0.14696277893921048,20.0
reversed,MSE_NN_Target_Only,1000,100,0.12012802385553488,10.0
reversed,MSE_NN_Target_Only,1500,50,0.1472572085929721,30.0
reversed,MSE_NN_Target_Only,1500,100,0.12019431770535774,15.0
reversed,MSE_NN_Target_Only,1500,150,0.11122126857168924,10.0
reversed,MSE_NN_Target_Only,2000,100,0.12027428578443079,20.0
reversed,MSE_NN_Target_Only,2250,150,0.11119317586397595,15.0
reversed,MSE_NN_Target_Only,3000,100,0.12065522280544155,30.0
reversed,MSE_NN_Target_Only,3000,150,0.11132248666734394,20.0
reversed,MSE_NN_Target_Only,4500,150,0.11125970814208358,30.0
reversed,MSE_XGBoost_Oracle,50,50,0.12498967293763218,1.0
reversed,MSE_XGBoost_Oracle,100,50,0.11187831210952445,2.0
reversed,MSE_XGBoost_Oracle,100,100,0.10945634568281319,1.0
reversed,MSE_XGBoost_Oracle,150,150,0.1039814783958384,1.0
reversed,MSE_XGBoost_Oracle,200,100,0.10293656962509627,2.0
reversed,MSE_XGBoost_Oracle,250,50,0.10200907941993122,5.0
reversed,MSE_XGBoost_Oracle,300,150,0.09932805230811151,2.0
reversed,MSE_XGBoost_Oracle,500,50,0.09728608397401392,10.0
reversed,MSE_XGBoost_Oracle,500,100,0.09705708736779602,5.0
reversed,MSE_XGBoost_Oracle,750,50,0.09550724198646221,15.0
reversed,MSE_XGBoost_Oracle,750,150,0.09516181741523462,5.0
reversed,MSE_XGBoost_Oracle,1000,50,0.09434972235138235,20.0
reversed,MSE_XGBoost_Oracle,1000,100,0.09435681336077739,10.0
reversed,MSE_XGBoost_Oracle,1500,50,0.09342957816454978,30.0
reversed,MSE_XGBoost_Oracle,1500,100,0.09336911379363369,15.0
reversed,MSE_XGBoost_Oracle,1500,150,0.09332926261688643,10.0
reversed,MSE_XGBoost_Oracle,2000,100,0.09272594558351661,20.0
reversed,MSE_XGBoost_Oracle,2250,150,0.09272436754425774,15.0
reversed,MSE_XGBoost_Oracle,3000,100,0.09259100915319009,30.0
reversed,MSE_XGBoost_Oracle,3000,150,0.09252632135198366,20.0
reversed,MSE_XGBoost_Oracle,4500,150,0.09191462296553168,30.0
reversed,MSE_XGBoost_TLCQM,50,50,0.1400568018798136,1.0
reversed,MSE_XGBoost_TLCQM,100,50,0.12187068940259373,2.0
reversed,MSE_XGBoost_TLCQM,100,100,0.11481158793095188,1.0
reversed,MSE_XGBoost_TLCQM,150,150,0.10630753311741632,1.0
reversed,MSE_XGBoost_TLCQM,200,100,0.10695886583680388,2.0
reversed,MSE_XGBoost_TLCQM,250,50,0.11055257762563832,5.0
reversed,MSE_XGBoost_TLCQM,300,150,0.10088298937625309,2.0
reversed,MSE_XGBoost_TLCQM,500,50,0.10476512091843274,10.0
reversed,MSE_XGBoost_TLCQM,500,100,0.10029842520781966,5.0
reversed,MSE_XGBoost_TLCQM,750,50,0.10255646257648382,15.0
reversed,MSE_XGBoost_TLCQM,750,150,0.09684063740406593,5.0
reversed,MSE_XGBoost_TLCQM,1000,50,0.10106519872506102,20.0
reversed,MSE_XGBoost_TLCQM,1000,100,0.09730940581035064,10.0
reversed,MSE_XGBoost_TLCQM,1500,50,0.10020688768061102,30.0
reversed,MSE_XGBoost_TLCQM,1500,100,0.09639968677883806,15.0
reversed,MSE_XGBoost_TLCQM,1500,150,0.09521935411152288,10.0
reversed,MSE_XGBoost_TLCQM,2000,100,0.09584793451325685,20.0
reversed,MSE_XGBoost_TLCQM,2250,150,0.09454548500003636,15.0
reversed,MSE_XGBoost_TLCQM,3000,100,0.09576477533810733,30.0
reversed,MSE_XGBoost_TLCQM,3000,150,0.09446158732266167,20.0
reversed,MSE_XGBoost_TLCQM,4500,150,0.09406007002855603,30.0
reversed,MSE_XGBoost_Target_Only,50,50,0.1754870822526844,1.0
reversed,MSE_XGBoost_Target_Only,100,50,0.1750010059901582,2.0
reversed,MSE_XGBoost_Target_Only,100,100,0.14052822448442473,1.0
reversed,MSE_XGBoost_Target_Only,150,150,0.12578974166719514,1.0
reversed,MSE_XGBoost_Target_Only,200,100,0.14065555451065764,2.0
reversed,MSE_XGBoost_Target_Only,250,50,0.1756687078932417,5.0
reversed,MSE_XGBoost_Target_Only,300,150,0.12551419568300723,2.0
reversed,MSE_XGBoost_Target_Only,500,50,0.17548606764129251,10.0
reversed,MSE_XGBoost_Target_Only,500,100,0.14100114447832776,5.0
reversed,MSE_XGBoost_Target_Only,750,50,0.17585720600541427,15.0
reversed,MSE_XGBoost_Target_Only,750,150,0.1257712892282982,5.0
reversed,MSE_XGBoost_Target_Only,1000,50,0.175171579053313,20.0
reversed,MSE_XGBoost_Target_Only,1000,100,0.1407853719295107,10.0
reversed,MSE_XGBoost_Target_Only,1500,50,0.17566302151297536,30.0
reversed,MSE_XGBoost_Target_Only,1500,100,0.1406671266246766,15.0
reversed,MSE_XGBoost_Target_Only,1500,150,0.12600875522307578,10.0
reversed,MSE_XGBoost_Target_Only,2000,100,0.14063443781162566,20.0
reversed,MSE_XGBoost_Target_Only,2250,150,0.12590873672974018,15.0
reversed,MSE_XGBoost_Target_Only,3000,100,0.1412697365198066,30.0
reversed,MSE_XGBoost_Target_Only,3000,150,0.1259723005117061,20.0
reversed,MSE_XGBoost_Target_Only,4500,150,0.12569900498140027,30.0
reversed,Marginal_W1_Source1,50,50,0.033525786529523635,1.0
reversed,Marginal_W1_Source1,100,50,0.034141787701674774,2.0
reversed,Marginal_W1_Source1,100,100,0.034055837140448866,1.0
reversed,Marginal_W1_Source1,150,150,0.032558475808232526,1.0
reversed,Marginal_W1_Source1,200,100,0.03287969988411622,2.0
reversed,Marginal_W1_Source1,250,50,0.03286928045291938,5.0
reversed,Marginal_W1_Source1,300,150,0.03350683637336961,2.0
reversed,Marginal_W1_Source1,500,50,0.03429561555507568,10.0
reversed,Marginal_W1_Source1,500,100,0.03447500771775868,5.0
reversed,Marginal_W1_Source1,750,50,0.03406057173928557,15.0
reversed,Marginal_W1_Source1,750,150,0.03401981578458111,5.0
reversed,Marginal_W1_Source1,1000,50,0.03284353557212446,20.0
reversed,Marginal_W1_Source1,1000,100,0.03292372197281588,10.0
reversed,Marginal_W1_Source1,1500,50,0.033921964575375115,30.0
reversed,Marginal_W1_Source1,1500,100,0.03407032274687809,15.0
reversed,Marginal_W1_Source1,1500,150,0.03365941506110137,10.0
reversed,Marginal_W1_Source1,2000,100,0.03443171926288358,20.0
reversed,Marginal_W1_Source1,2250,150,0.032998730517449934,15.0
reversed,Marginal_W1_Source1,3000,100,0.03299693384785396,30.0
reversed,Marginal_W1_Source1,3000,150,0.03343289645641016,20.0
reversed,Marginal_W1_Source1,4500,150,0.0341523976414358,30.0
reversed,Negative_Transfer_KRR,50,50,-0.07848992877884228,1.0
reversed,Negative_Transfer_KRR,100,50,-0.11816784638237264,2.0
reversed,Negative_Transfer_KRR,100,100,-0.061991706630616615,1.0
reversed,Negative_Transfer_KRR,150,150,-0.04627581656758916,1.0
reversed,Negative_Transfer_KRR,200,100,-0.08025158194391499,2.0
reversed,Negative_Transfer_KRR,250,50,-0.1500455333096526,5.0
reversed,Negative_Transfer_KRR,300,150,-0.060843305018204924,2.0
reversed,Negative_Transfer_KRR,500,50,-0.16747079705272794,10.0
reversed,Negative_Transfer_KRR,500,100,-0.10212854626636922,5.0
reversed,Negative_Transfer_KRR,750,50,-0.1778364991370307,15.0
reversed,Negative_Transfer_KRR,750,150,-0.07870497039325862,5.0
reversed,Negative_Transfer_KRR,1000,50,-0.1840015402346074,20.0
reversed,Negative_Transfer_KRR,1000,100,-0.11623124066180786,10.0
reversed,Negative_Transfer_KRR,1500,50,-0.19278970326362432,30.0
reversed,Negative_Transfer_KRR,1500,100,-0.12332814968398798,15.0
reversed,Negative_Transfer_KRR,1500,150,-0.0902429665070374,10.0
reversed,Negative_Transfer_KRR,2000,100,-0.127562963654125,20.0
reversed,Negative_Transfer_KRR,2250,150,-0.09436915780295699,15.0
reversed,Negative_Transfer_KRR,3000,100,-0.13169105427506378,30.0
reversed,Negative_Transfer_KRR,3000,150,-0.09728532634954595,20.0
reversed,Negative_Transfer_KRR,4500,150,-0.09950112393516893,30.0
reversed,Negative_Transfer_NN,50,50,-0.012299171436674923,1.0
reversed,Negative_Transfer_NN,100,50,-0.0286970041592967,2.0
reversed,Negative_Transfer_NN,100,100,-0.009762252235228882,1.0
reversed,Negative_Transfer_NN,150,150,-0.007611365306513507,1.0
reversed,Negative_Transfer_NN,200,100,-0.015254062494487082,2.0
reversed,Negative_Transfer_NN,250,50,-0.037242417858955816,5.0
reversed,Negative_Transfer_NN,300,150,-0.010701248530958794,2.0
reversed,Negative_Transfer_NN,500,50,-0.04201654781446759,10.0
reversed,Negative_Transfer_NN,500,100,-0.01990784024192165,5.0
reversed,Negative_Transfer_NN,750,50,-0.044135821007080626,15.0
reversed,Negative_Transfer_NN,750,150,-0.013841327804279656,5.0
reversed,Negative_Transfer_NN,1000,50,-0.04472677831225748,20.0
reversed,Negative_Transfer_NN,1000,100,-0.022008147492311694,10.0
reversed,Negative_Transfer_NN,1500,50,-0.04627708873118872,30.0
reversed,Negative_Transfer_NN,1500,100,-0.022941421382258083,15.0
reversed,Negative_Transfer_NN,1500,150,-0.01542465052421597,10.0
reversed,Negative_Transfer_NN,2000,100,-0.023654242567419718,20.0
reversed,Negative_Transfer_NN,2250,150,-0.016146410184496432,15.0
reversed,Negative_Transfer_NN,3000,100,-0.02438305981969227,30.0
reversed,Negative_Transfer_NN,3000,150,-0.016504867477555907,20.0
reversed,Negative_Transfer_NN,4500,150,-0.0172161345477871,30.0
reversed,Negative_Transfer_XGBoost,50,50,-0.03543028037287075,1.0
reversed,Negative_Transfer_XGBoost,100,50,-0.053130316587564425,2.0
reversed,Negative_Transfer_XGBoost,100,100,-0.025716636553472807,1.0
reversed,Negative_Transfer_XGBoost,150,150,-0.019482208549778775,1.0
reversed,Negative_Transfer_XGBoost,200,100,-0.033696688673853704,2.0
reversed,Negative_Transfer_XGBoost,250,50,-0.06511613026760334,5.0
reversed,Negative_Transfer_XGBoost,300,150,-0.02463120630675408,2.0
reversed,Negative_Transfer_XGBoost,500,50,-0.07072094672285972,10.0
reversed,Negative_Transfer_XGBoost,500,100,-0.04070271927050807,5.0
reversed,Negative_Transfer_XGBoost,750,50,-0.0733007434289304,15.0
reversed,Negative_Transfer_XGBoost,750,150,-0.02893065182423223,5.0
reversed,Negative_Transfer_XGBoost,1000,50,-0.07410638032825191,20.0
reversed,Negative_Transfer_XGBoost,1000,100,-0.04347596611916002,10.0
reversed,Negative_Transfer_XGBoost,1500,50,-0.07545613383236428,30.0
reversed,Negative_Transfer_XGBoost,1500,100,-0.04426743984583849,15.0
reversed,Negative_Transfer_XGBoost,1500,150,-0.030789401111552837,10.0
reversed,Negative_Transfer_XGBoost,2000,100,-0.04478650329836874,20.0
reversed,Negative_Transfer_XGBoost,2250,150,-0.031363251729703744,15.0
reversed,Negative_Transfer_XGBoost,3000,100,-0.04550496118169922,30.0
reversed,Negative_Transfer_XGBoost,3000,150,-0.03151071318904439,20.0
reversed,Negative_Transfer_XGBoost,4500,150,-0.03163893495284421,30.0
