Method,source_target_ratio,MSE,source_size,target_size
KRR_Oracle,1.0,0.3009218414914716,100.0,100.0
KRR_Oracle,2.0,0.2916876366445758,200.0,100.0
KRR_Oracle,5.0,0.2818604605444326,500.0,100.0
KRR_Oracle,10.0,0.2744635847377157,1000.0,100.0
KRR_Oracle,15.0,0.27008890984339945,1500.0,100.0
KRR_Oracle,20.0,0.26709620835751036,2000.0,100.0
KRR_Oracle,30.0,0.2636009467458517,3000.0,100.0
KRR_TLCQM,1.0,0.3257016336232452,100.0,100.0
KRR_TLCQM,2.0,0.3219917491159954,200.0,100.0
KRR_TLCQM,5.0,0.3149383461213088,500.0,100.0
KRR_TLCQM,10.0,0.3088007426551932,1000.0,100.0
KRR_TLCQM,15.0,0.3049861434528709,1500.0,100.0
KRR_TLCQM,20.0,0.3025959623148196,2000.0,100.0
KRR_TLCQM,30.0,0.29983716895897833,3000.0,100.0
KRR_Target_Only,1.0,0.3282935244577156,100.0,100.0
KRR_Target_Only,2.0,0.32841857297009086,200.0,100.0
KRR_Target_Only,5.0,0.3284199522411522,500.0,100.0
KRR_Target_Only,10.0,0.3284046793681189,1000.0,100.0
KRR_Target_Only,15.0,0.32803394986657625,1500.0,100.0
KRR_Target_Only,20.0,0.3280762116773186,2000.0,100.0
KRR_Target_Only,30.0,0.3282763837445987,3000.0,100.0
NN_Oracle,1.0,0.3026048970158636,100.0,100.0
NN_Oracle,2.0,0.28468152972232874,200.0,100.0
NN_Oracle,5.0,0.2661074488593797,500.0,100.0
NN_Oracle,10.0,0.2592734372592238,1000.0,100.0
NN_Oracle,15.0,0.25675198196998983,1500.0,100.0
NN_Oracle,20.0,0.25584144357184746,2000.0,100.0
NN_Oracle,30.0,0.25468919455854444,3000.0,100.0
NN_TLCQM,1.0,0.3221837086960838,100.0,100.0
NN_TLCQM,2.0,0.3155615088386121,200.0,100.0
NN_TLCQM,5.0,0.3086329528935461,500.0,100.0
NN_TLCQM,10.0,0.30405998081164287,1000.0,100.0
NN_TLCQM,15.0,0.30226832562544015,1500.0,100.0
NN_TLCQM,20.0,0.30178462648520926,2000.0,100.0
NN_TLCQM,30.0,0.3006601949866038,3000.0,100.0
NN_Target_Only,1.0,0.37486230183907765,100.0,100.0
NN_Target_Only,2.0,0.37510233314339675,200.0,100.0
NN_Target_Only,5.0,0.37525352223569325,500.0,100.0
NN_Target_Only,10.0,0.37495025594425085,1000.0,100.0
NN_Target_Only,15.0,0.3748675987304842,1500.0,100.0
NN_Target_Only,20.0,0.37477653009468326,2000.0,100.0
NN_Target_Only,30.0,0.37479839099188156,3000.0,100.0
XGBoost_Oracle,1.0,0.2928377413912641,100.0,100.0
XGBoost_Oracle,2.0,0.28773205570656346,200.0,100.0
XGBoost_Oracle,5.0,0.2810787233264072,500.0,100.0
XGBoost_Oracle,10.0,0.27583614819128394,1000.0,100.0
XGBoost_Oracle,15.0,0.272468387199947,1500.0,100.0
XGBoost_Oracle,20.0,0.27024190658658054,2000.0,100.0
XGBoost_Oracle,30.0,0.26728075311014804,3000.0,100.0
XGBoost_TLCQM,1.0,0.31502953330222494,100.0,100.0
XGBoost_TLCQM,2.0,0.31351503010228793,200.0,100.0
XGBoost_TLCQM,5.0,0.3073965047533098,500.0,100.0
XGBoost_TLCQM,10.0,0.30396963996721266,1000.0,100.0
XGBoost_TLCQM,15.0,0.3026220385908217,1500.0,100.0
XGBoost_TLCQM,20.0,0.3022671618217845,2000.0,100.0
XGBoost_TLCQM,30.0,0.30178798169227844,3000.0,100.0
XGBoost_Target_Only,1.0,0.30716652166219816,100.0,100.0
XGBoost_Target_Only,2.0,0.3072897643931854,200.0,100.0
XGBoost_Target_Only,5.0,0.3073654494470037,500.0,100.0
XGBoost_Target_Only,10.0,0.30728545645803057,1000.0,100.0
XGBoost_Target_Only,15.0,0.30702014053002924,1500.0,100.0
XGBoost_Target_Only,20.0,0.30716259726675893,2000.0,100.0
XGBoost_Target_Only,30.0,0.30732073831500883,3000.0,100.0
