Method,Metric,source_target_ratio,Value,source_size,target_size
Engression_Only,KRR,1.0,0.7571668436587595,100.0,100.0
Engression_Only,KRR,2.0,0.9608992558688754,200.0,100.0
Engression_Only,KRR,5.0,1.3709089735864357,500.0,100.0
Engression_Only,KRR,10.0,1.8206668406352515,1000.0,100.0
Engression_Only,KRR,15.0,2.165221885809879,1500.0,100.0
Engression_Only,KRR,20.0,2.430469726405008,2000.0,100.0
Engression_Only,KRR,30.0,2.8259179889300188,3000.0,100.0
Engression_Only,NN,1.0,0.8735489310891602,100.0,100.0
Engression_Only,NN,2.0,1.415150879750119,200.0,100.0
Engression_Only,NN,5.0,2.0753332987756137,500.0,100.0
Engression_Only,NN,10.0,2.694752510753876,1000.0,100.0
Engression_Only,NN,15.0,3.0416807396679952,1500.0,100.0
Engression_Only,NN,20.0,3.2479690938451626,2000.0,100.0
Engression_Only,NN,30.0,3.545660610646105,3000.0,100.0
Engression_Only,W1_to_target,1.0,1.9995005121246954,100.0,100.0
Engression_Only,W1_to_target,2.0,2.0027560181629966,200.0,100.0
Engression_Only,W1_to_target,5.0,2.006384526116226,500.0,100.0
Engression_Only,W1_to_target,10.0,2.0151449604376177,1000.0,100.0
Engression_Only,W1_to_target,15.0,2.0234089760804475,1500.0,100.0
Engression_Only,W1_to_target,20.0,2.0281880749819083,2000.0,100.0
Engression_Only,W1_to_target,30.0,2.0324860596430896,3000.0,100.0
Engression_Only,XGBoost,1.0,0.8816101330372358,100.0,100.0
Engression_Only,XGBoost,2.0,2.4336037537900603,200.0,100.0
Engression_Only,XGBoost,5.0,2.968680385206282,500.0,100.0
Engression_Only,XGBoost,10.0,3.216241423168471,1000.0,100.0
Engression_Only,XGBoost,15.0,3.3269125375811734,1500.0,100.0
Engression_Only,XGBoost,20.0,3.384147532822045,2000.0,100.0
Engression_Only,XGBoost,30.0,3.563590706407452,3000.0,100.0
Mean_Matching,KRR,1.0,0.31898424547845056,100.0,100.0
Mean_Matching,KRR,2.0,0.31786986707089976,200.0,100.0
Mean_Matching,KRR,5.0,0.3143285064977856,500.0,100.0
Mean_Matching,KRR,10.0,0.3097718365211854,1000.0,100.0
Mean_Matching,KRR,15.0,0.3061626605022713,1500.0,100.0
Mean_Matching,KRR,20.0,0.3040455640495558,2000.0,100.0
Mean_Matching,KRR,30.0,0.3014488781139997,3000.0,100.0
Mean_Matching,NN,1.0,0.31343720017241566,100.0,100.0
Mean_Matching,NN,2.0,0.31028103293177767,200.0,100.0
Mean_Matching,NN,5.0,0.3079859186400501,500.0,100.0
Mean_Matching,NN,10.0,0.3048321899207719,1000.0,100.0
Mean_Matching,NN,15.0,0.30309772420632797,1500.0,100.0
Mean_Matching,NN,20.0,0.3028521341850681,2000.0,100.0
Mean_Matching,NN,30.0,0.30190503968135296,3000.0,100.0
Mean_Matching,W1_to_target,1.0,0.34481924818384563,100.0,100.0
Mean_Matching,W1_to_target,2.0,0.3419110793702824,200.0,100.0
Mean_Matching,W1_to_target,5.0,0.32656465714825167,500.0,100.0
Mean_Matching,W1_to_target,10.0,0.3167355366530002,1000.0,100.0
Mean_Matching,W1_to_target,15.0,0.3108093657694601,1500.0,100.0
Mean_Matching,W1_to_target,20.0,0.3069560565848213,2000.0,100.0
Mean_Matching,W1_to_target,30.0,0.30053774144293416,3000.0,100.0
Mean_Matching,XGBoost,1.0,0.3069948385127454,100.0,100.0
Mean_Matching,XGBoost,2.0,0.3084623215617969,200.0,100.0
Mean_Matching,XGBoost,5.0,0.3071356057278528,500.0,100.0
Mean_Matching,XGBoost,10.0,0.3044497154982017,1000.0,100.0
Mean_Matching,XGBoost,15.0,0.30318639228656663,1500.0,100.0
Mean_Matching,XGBoost,20.0,0.3028253886209376,2000.0,100.0
Mean_Matching,XGBoost,30.0,0.3023714134280443,3000.0,100.0
OT_Calibration,KRR,1.0,0.36950316260388033,100.0,100.0
OT_Calibration,KRR,2.0,0.39489395303160213,200.0,100.0
OT_Calibration,KRR,5.0,0.44976350896762657,500.0,100.0
OT_Calibration,KRR,10.0,0.5150315154809448,1000.0,100.0
OT_Calibration,KRR,15.0,0.5585636119228332,1500.0,100.0
OT_Calibration,KRR,20.0,0.5853892520878465,2000.0,100.0
OT_Calibration,KRR,30.0,0.6236561252816507,3000.0,100.0
OT_Calibration,NN,1.0,0.38379946551210137,100.0,100.0
OT_Calibration,NN,2.0,0.40975881498786515,200.0,100.0
OT_Calibration,NN,5.0,0.4558753871457786,500.0,100.0
OT_Calibration,NN,10.0,0.5348595996742005,1000.0,100.0
OT_Calibration,NN,15.0,0.5984141670992994,1500.0,100.0
OT_Calibration,NN,20.0,0.6363968706477323,2000.0,100.0
OT_Calibration,NN,30.0,0.6854775562979701,3000.0,100.0
OT_Calibration,W1_to_target,1.0,0.5625444067943635,100.0,100.0
OT_Calibration,W1_to_target,2.0,0.5356206697080821,200.0,100.0
OT_Calibration,W1_to_target,5.0,0.4582167333078256,500.0,100.0
OT_Calibration,W1_to_target,10.0,0.3863742860887984,1000.0,100.0
OT_Calibration,W1_to_target,15.0,0.34167170398668784,1500.0,100.0
OT_Calibration,W1_to_target,20.0,0.3190337248844011,2000.0,100.0
OT_Calibration,W1_to_target,30.0,0.2968486131516631,3000.0,100.0
OT_Calibration,XGBoost,1.0,0.35665131223393715,100.0,100.0
OT_Calibration,XGBoost,2.0,0.37960472249592536,200.0,100.0
OT_Calibration,XGBoost,5.0,0.4206580551380991,500.0,100.0
OT_Calibration,XGBoost,10.0,0.47145361881891906,1000.0,100.0
OT_Calibration,XGBoost,15.0,0.5103806948566354,1500.0,100.0
OT_Calibration,XGBoost,20.0,0.5380919049200569,2000.0,100.0
OT_Calibration,XGBoost,30.0,0.5861215513279362,3000.0,100.0
TLCQM_Conditional,KRR,1.0,0.325703070114491,100.0,100.0
TLCQM_Conditional,KRR,2.0,0.32198816294271715,200.0,100.0
TLCQM_Conditional,KRR,5.0,0.3149417051050294,500.0,100.0
TLCQM_Conditional,KRR,10.0,0.30881471060429455,1000.0,100.0
TLCQM_Conditional,KRR,15.0,0.3049912820676625,1500.0,100.0
TLCQM_Conditional,KRR,20.0,0.3026061476638243,2000.0,100.0
TLCQM_Conditional,KRR,30.0,0.29981915227293193,3000.0,100.0
TLCQM_Conditional,NN,1.0,0.32218838795982735,100.0,100.0
TLCQM_Conditional,NN,2.0,0.3155761606489941,200.0,100.0
TLCQM_Conditional,NN,5.0,0.3086313034055213,500.0,100.0
TLCQM_Conditional,NN,10.0,0.3040591124751387,1000.0,100.0
TLCQM_Conditional,NN,15.0,0.30226584962990294,1500.0,100.0
TLCQM_Conditional,NN,20.0,0.30179508361363216,2000.0,100.0
TLCQM_Conditional,NN,30.0,0.30064652603106534,3000.0,100.0
TLCQM_Conditional,W1_to_target,1.0,0.07334142557088107,100.0,100.0
TLCQM_Conditional,W1_to_target,2.0,0.053085905657871524,200.0,100.0
TLCQM_Conditional,W1_to_target,5.0,0.04853753893125433,500.0,100.0
TLCQM_Conditional,W1_to_target,10.0,0.04801800896394914,1000.0,100.0
TLCQM_Conditional,W1_to_target,15.0,0.047814358245241675,1500.0,100.0
TLCQM_Conditional,W1_to_target,20.0,0.04774802271565061,2000.0,100.0
TLCQM_Conditional,W1_to_target,30.0,0.04805027284841999,3000.0,100.0
TLCQM_Conditional,XGBoost,1.0,0.31497028934019433,100.0,100.0
TLCQM_Conditional,XGBoost,2.0,0.31354170448253227,200.0,100.0
TLCQM_Conditional,XGBoost,5.0,0.30742288587792566,500.0,100.0
TLCQM_Conditional,XGBoost,10.0,0.3039915783607863,1000.0,100.0
TLCQM_Conditional,XGBoost,15.0,0.30264748430689475,1500.0,100.0
TLCQM_Conditional,XGBoost,20.0,0.30227193871184266,2000.0,100.0
TLCQM_Conditional,XGBoost,30.0,0.301788914135612,3000.0,100.0
