,Method,source_size,target_size,MSE
0,CDAR,100,50,0.39880267861123114
1,CDAR,100,100,0.381331528198995
2,CDAR,100,150,0.3758891526862539
3,CDAR,100,200,0.37346538498287485
4,CDAR,100,250,0.3694675191483322
5,CDAR,200,50,0.4026516183074778
6,CDAR,200,100,0.3815714745584717
7,CDAR,200,150,0.3755814405069271
8,CDAR,200,200,0.37380092359371697
9,CDAR,200,250,0.36925319782518706
10,CDAR,500,50,0.40238758184361656
11,CDAR,500,100,0.38116966956913406
12,CDAR,500,150,0.3754825386033799
13,CDAR,500,200,0.3731169416650477
14,CDAR,500,250,0.3688731490704761
15,CDAR,1000,50,0.4019719193717028
16,CDAR,1000,100,0.38125594013769654
17,CDAR,1000,150,0.3757368329989306
18,CDAR,1000,200,0.37291832288121746
19,CDAR,1000,250,0.3689525410963485
20,CDAR,2000,50,0.4023234183818372
21,CDAR,2000,100,0.38126933134508895
22,CDAR,2000,150,0.37551130673611227
23,CDAR,2000,200,0.37312886818332813
24,CDAR,2000,250,0.36912695891204705
25,CMSS_Reg,100,50,3.5276120925472143
26,CMSS_Reg,100,100,2.8550843147279377
27,CMSS_Reg,100,150,2.4315553075149743
28,CMSS_Reg,100,200,2.1483889841362123
29,CMSS_Reg,100,250,1.9705003585141825
30,CMSS_Reg,200,50,3.3928518805716648
31,CMSS_Reg,200,100,2.852873201451504
32,CMSS_Reg,200,150,2.5041995948136964
33,CMSS_Reg,200,200,2.271463013596098
34,CMSS_Reg,200,250,2.08615798921394
35,CMSS_Reg,500,50,3.155525758920153
36,CMSS_Reg,500,100,2.7671568929304784
37,CMSS_Reg,500,150,2.482902916009862
38,CMSS_Reg,500,200,2.2836663134191735
39,CMSS_Reg,500,250,2.110728333354985
40,CMSS_Reg,1000,50,3.0398968110235978
41,CMSS_Reg,1000,100,2.693798719518027
42,CMSS_Reg,1000,150,2.445679383073447
43,CMSS_Reg,1000,200,2.2537410134762745
44,CMSS_Reg,1000,250,2.1027309628410182
45,CMSS_Reg,2000,50,2.9861940444245283
46,CMSS_Reg,2000,100,2.6664288232004454
47,CMSS_Reg,2000,150,2.4236240021009596
48,CMSS_Reg,2000,200,2.244184087806219
49,CMSS_Reg,2000,250,2.0908827734419395
50,DARC,100,50,1.232111295019066
51,DARC,100,100,0.9026170912293419
52,DARC,100,150,0.7520909057166114
53,DARC,100,200,0.6822407778912996
54,DARC,100,250,0.6309214427997366
55,DARC,200,50,1.6575692556101729
56,DARC,200,100,1.2433241184050539
57,DARC,200,150,1.0059007582659631
58,DARC,200,200,0.8977607502278687
59,DARC,200,250,0.8294633276773435
60,DARC,500,50,2.0359342099123925
61,DARC,500,100,1.6118819082007212
62,DARC,500,150,1.401391268702891
63,DARC,500,200,1.249596311934324
64,DARC,500,250,1.142205925457161
65,DARC,1000,50,2.1338749915381725
66,DARC,1000,100,1.8262077028934924
67,DARC,1000,150,1.6696064280506708
68,DARC,1000,200,1.6055543501261318
69,DARC,1000,250,1.4734733156995257
70,DARC,2000,50,2.3959708154015718
71,DARC,2000,100,2.0644044704755107
72,DARC,2000,150,1.8207085609082905
73,DARC,2000,200,1.7502043401004648
74,DARC,2000,250,1.621189802568903
75,M3SDA_Reg,100,50,3.0538723916330293
76,M3SDA_Reg,100,100,2.879928349771087
77,M3SDA_Reg,100,150,2.7834844647619956
78,M3SDA_Reg,100,200,2.690435834957041
79,M3SDA_Reg,100,250,2.6732643526724695
80,M3SDA_Reg,200,50,3.0371001139148732
81,M3SDA_Reg,200,100,2.882475645921504
82,M3SDA_Reg,200,150,2.7975693329524414
83,M3SDA_Reg,200,200,2.7598628304662487
84,M3SDA_Reg,200,250,2.716127207309431
85,M3SDA_Reg,500,50,2.896484558163569
86,M3SDA_Reg,500,100,2.7662597636018806
87,M3SDA_Reg,500,150,2.7106461852960972
88,M3SDA_Reg,500,200,2.6814429322453064
89,M3SDA_Reg,500,250,2.6507035477659766
90,M3SDA_Reg,1000,50,2.8026802275466305
91,M3SDA_Reg,1000,100,2.6996257345341337
92,M3SDA_Reg,1000,150,2.6551786981879233
93,M3SDA_Reg,1000,200,2.62243793289073
94,M3SDA_Reg,1000,250,2.6051288053177513
95,M3SDA_Reg,2000,50,2.7688046779922337
96,M3SDA_Reg,2000,100,2.6689741164678744
97,M3SDA_Reg,2000,150,2.6177684881624015
98,M3SDA_Reg,2000,200,2.596868638151517
99,M3SDA_Reg,2000,250,2.5820219866478746
100,TKRR,100,50,0.526474935779807
101,TKRR,100,100,0.44809374861069995
102,TKRR,100,150,0.41513969889461455
103,TKRR,100,200,0.3998160592288113
104,TKRR,100,250,0.3894187521050624
105,TKRR,200,50,0.5257596482076776
106,TKRR,200,100,0.4477784180629366
107,TKRR,200,150,0.4154285099967139
108,TKRR,200,200,0.39960661236128675
109,TKRR,200,250,0.3893212084644285
110,TKRR,500,50,0.5273193958066035
111,TKRR,500,100,0.44862418687511496
112,TKRR,500,150,0.4151838506299209
113,TKRR,500,200,0.39899284113864497
114,TKRR,500,250,0.38934554526446996
115,TKRR,1000,50,0.5291166950059661
116,TKRR,1000,100,0.44754775638204064
117,TKRR,1000,150,0.4163068126933763
118,TKRR,1000,200,0.39816477728938604
119,TKRR,1000,250,0.38942037747521474
120,TKRR,2000,50,0.5348476854151035
121,TKRR,2000,100,0.45218412860309914
122,TKRR,2000,150,0.4178573894658407
123,TKRR,2000,200,0.39963062079074585
124,TKRR,2000,250,0.38974092616068956
125,VNCD_MDD,100,50,0.8532750188142202
126,VNCD_MDD,100,100,0.7264340163792237
127,VNCD_MDD,100,150,0.6795129199153174
128,VNCD_MDD,100,200,0.6496008047761451
129,VNCD_MDD,100,250,0.6324269869453752
130,VNCD_MDD,200,50,0.8951170806522871
131,VNCD_MDD,200,100,0.7852525457480161
132,VNCD_MDD,200,150,0.7248229283996911
133,VNCD_MDD,200,200,0.6999382092257171
134,VNCD_MDD,200,250,0.6832805018287257
135,VNCD_MDD,500,50,0.9221045629827729
136,VNCD_MDD,500,100,0.8167513742215878
137,VNCD_MDD,500,150,0.7664526733554007
138,VNCD_MDD,500,200,0.7395361461708477
139,VNCD_MDD,500,250,0.7158927867310552
140,VNCD_MDD,1000,50,0.9373961365052751
141,VNCD_MDD,1000,100,0.8314658703102866
142,VNCD_MDD,1000,150,0.7830711021154017
143,VNCD_MDD,1000,200,0.7513408035221137
144,VNCD_MDD,1000,250,0.7306687377386694
145,VNCD_MDD,2000,50,0.944841496571701
146,VNCD_MDD,2000,100,0.835428715028293
147,VNCD_MDD,2000,150,0.7875414972085939
148,VNCD_MDD,2000,200,0.759024335163468
149,VNCD_MDD,2000,250,0.7410806645579302
